Appraisal Feedback,Appraisal Rating,Band,Sales Rep (Appraisal),Rep Tenure Months (Appraisal)
"Steady and reliable, though could aim higher.",Meets Expectations,experienced,Alice Smith,58
"Still learning the ropes, needs sharper focus.",Needs Improvement,new,Bob Johnson,4
"Steady and reliable, though could aim higher.",Meets Expectations,experienced,Clara Lee,56
"Trusted mentor, shaping future stars.",Outstanding,veteran,David Kim,117
"Still learning the ropes, needs sharper focus.",Needs Improvement,new,Emma Brown,10
"Shows promise, but still needs consistency.",Meets Expectations,mid,Frank Chen,23
"Steady and reliable, though could aim higher.",Meets Expectations,experienced,Mia Patel,63
"Shows promise, but still needs consistency.",Meets Expectations,mid,Noah Davis,34
"Steady and reliable, though could aim higher.",Meets Expectations,experienced,Olivia Green,48
"Shows promise, but still needs consistency.",Meets Expectations,mid,Sam Wilson,21
